Run,ExecutionTime(s)
1,0.0003711
2,0.0003621
3,0.0003685
4,0.0004527
5,0.0003939
6,0.0003804
7,0.0005253
8,0.0005326
9,0.0004715
10,0.0005061
